Workbook

Sheet Scope Overview
A1: Work Breadown Structure
A2: Scope Overview
A3: Project Name: [project name]
A4: Contractor Name: Terraphase Engineering, Inc.
A5: Contractor Project Manager: Ryan Thompson
A6: Purchase Requsition Number:
A7: Release PO# [SAP]
A8: Period of Performance: October-November 2026
A9: SCE Environmental Section: Remediation
A10: SCE Project Manager: [WCI PM]
A11: GENERAL SCOPE OVERVIEW
A16: SCOPE OF WORK DESCRIPTION | C16: SUB TOTAL
A17: A | B17: AGENCY/THIRD PARTY/PRP ISSUES | C17: ='Budget Detail'!X23 -> 0
A19: B | B19: ENVIRONMENTAL SITE INVESTIGATION | C19: ='Budget Detail'!X38 -> 0
A21: C | B21: SITE MONITORING | C21: ='Budget Detail'!X40 -> 0
A23: D | B23: RISK ASSESSMENT | C23: ='Budget Detail'!X43 -> 0
A25: E | B25: FEASIBILITY / CORRECTIVE MEASURES STUDIES | C25: ='Budget Detail'!X49 -> 0
C26: ='Budget Detail'!X56 -> 0
A27: F | B27: REMEDIAL DESIGN
A29: G | B29: CONSTRUCTION | C29: ='Budget Detail'!X68 -> #VALUE!
A31: H | B31: OPERATIONS AND MAINTENANCE | C31: ='Budget Detail'!X78 -> 0
A33: I | B33: CLOSURE | C33: ='Budget Detail'!X85 -> 0
A35: J | B35: EXTERNAL PROJECT MANAGEMENT | C35: ='Budget Detail'!X91 -> 0
A37: K | B37: WCI SAMPLING | C37: ='WCI Budget Detail'!W22 -> 0
A38: Sampling of [media] in support of construction project.
A39: TOTAL | C39: ='Budget Detail'!X93 -> #VALUE!

Sheet WCI Budget Detail
A1: Work Breadown Structure
A2: Budget Detail
A3: ='Scope Overview'!A3 -> Project Name: [project name]
A4: ='Scope Overview'!A4 -> Contractor Name: Terraphase Engineering, Inc.
A5: ='Scope Overview'!A5 -> Contractor Project Manager: Ryan Thompson
A6: ='Scope Overview'!A6 -> Purchase Requsition Number:
A7: ='Scope Overview'!A7 -> Release PO# [SAP]
A8: ='Scope Overview'!A8 -> Period of Performance: October-November 2026
A9: ='Scope Overview'!A9 -> SCE Environmental Section: Remediation
A10: ='Scope Overview'!A10 -> SCE Project Manager: [WCI PM]
C11: (Enter negotiated hourly rates in the Contractor Rates Tab Only)
B13: WORK BREAKDOWN STRUCTURE | C13: Technical Expert | D13: Officer | E13: Principal / Director | F13: Project Manager | G13: Senior Engineer | H13: Project Engineer | I13: Senior Staff Engineer | J13: Staff Engineer | K13: Junior Engineer | L13: CADD | M13: Document Editor | N13: Senior Technician | O13: Technician | P13: Admin | Q13: Mileage | R13: Field Vehicle/Day | S13: Equipment | T13: Per Diem | U13: Vehicle Rental | V13: Lab / Contractor | W13: TOTAL
C14: ='Contractor Rates'!C4 -> 279 | D14: ='Contractor Rates'!C5 -> 272 | E14: ='Contractor Rates'!C6 -> 254 | F14: ='Contractor Rates'!C7 -> 237 | G14: ='Contractor Rates'!C8 -> 214 | H14: ='Contractor Rates'!C9 -> 198 | I14: ='Contractor Rates'!C10 -> 182 | J14: ='Contractor Rates'!C11 -> 165 | K14: ='Contractor Rates'!C12 -> 142 | L14: ='Contractor Rates'!C13 -> 132 | M14: ='Contractor Rates'!C14 -> 128 | N14: ='Contractor Rates'!C15 -> 138 | O14: ='Contractor Rates'!C16 -> 105 | P14: ='Contractor Rates'!C17 -> 85 | Q14: 0 | R14: 138 | S14: [Equip fee]
A15: KZ | B15: WCI SAMPLING
A16: K1 | B16: Sampling Activities (all media) | S16: [equip fee] | T16: 0 | U16: 0 | V16: 0 | W16: =C16*C$14+D16*D$14+E16*E$14+F16*F$14+G16*G$14+H16*H$14+I16*I$14+J16*J$14+K16*K$14++L16*L$14++M16*M$14+N16*N$14+O16*O$14+P16*P$14+Q16*Q$14+R16*R$14+S16+T16+U16+V16 -> #VALUE!
A17: C2 | B17: Laboratory | S17: 0 | T17: 0 | U17: 0 | V17: 0 | W17: =C17*C$14+D17*D$14+E17*E$14+F17*F$14+G17*G$14+H17*H$14+I17*I$14+J17*J$14+K17*K$14++L17*L$14++M17*M$14+N17*N$14+O17*O$14+P17*P$14+Q17*Q$14+R17*R$14+S17+T17+U17+V17 -> 0
A18: K2 | B18: Data Evaluation / Reporting | S18: 0 | T18: 0 | U18: 0 | V18: 0 | W18: =C18*C$14+D18*D$14+E18*E$14+F18*F$14+G18*G$14+H18*H$14+I18*I$14+J18*J$14+K18*K$14++L18*L$14++M18*M$14+N18*N$14+O18*O$14+P18*P$14+Q18*Q$14+R18*R$14+S18+T18+U18+V18 -> 0
A19: C4 | B19: Disposal Costs | S19: 0 | T19: 0 | U19: 0 | V19: 0 | W19: =C19*C$14+D19*D$14+E19*E$14+F19*F$14+G19*G$14+H19*H$14+I19*I$14+J19*J$14+K19*K$14++L19*L$14++M19*M$14+N19*N$14+O19*O$14+P19*P$14+Q19*Q$14+R19*R$14+S19+T19+U19+V19 -> 0
A20: K3 | B20: Travel / Other / Miscellaneous | S20: 0 | T20: 0 | U20: 0 | V20: 0 | W20: =C20*C$14+D20*D$14+E20*E$14+F20*F$14+G20*G$14+H20*H$14+I20*I$14+J20*J$14+K20*K$14++L20*L$14++M20*M$14+N20*N$14+O20*O$14+P20*P$14+Q20*Q$14+R20*R$14+S20+T20+U20+V20 -> 0
A21: K4 | B21: Project Management | S21: 0 | T21: 0 | U21: 0 | V21: 0 | W21: =C21*C$14+D21*D$14+E21*E$14+F21*F$14+G21*G$14+H21*H$14+I21*I$14+J21*J$14+K21*K$14++L21*L$14++M21*M$14+N21*N$14+O21*O$14+P21*P$14+Q21*Q$14+R21*R$14+S21+T21+U21+V21 -> 0
A22: KZ | B22: WCI SAMPLING TOTAL | C22: =SUBTOTAL(9,C16:C21)*C14 -> 0 | D22: =SUBTOTAL(9,D16:D21)*D14 -> 0 | E22: =SUBTOTAL(9,E16:E21)*E14 -> 0 | F22: =SUBTOTAL(9,F16:F21)*F14 -> 0 | G22: =SUBTOTAL(9,G16:G21)*G14 -> 0 | H22: =SUBTOTAL(9,H16:H21)*H14 -> 0 | I22: =SUBTOTAL(9,I16:I21)*I14 -> 0 | J22: =SUBTOTAL(9,J16:J21)*J14 -> 0 | ... R22: =SUBTOTAL(9,R16:R21)*R14 -> 0 | S22: =SUBTOTAL(9,S16:S21) -> 0 | T22: =SUBTOTAL(9,T16:T19) -> 0 | U22: =SUBTOTAL(9,U16:U19) -> 0 | V22: =SUBTOTAL(9,V16:V19) -> 0 | W22: =SUM(C22:V22) -> 0

Sheet Budget Detail
A1: Work Breakdown Structure | C1: For Change Orders Only
A2: Budget Detail | C2: Previously Authorized Amount
A3: ='Scope Overview'!A3 -> Project Name: [project name] | C3: New Rquested Total (Auto Calculates)
A4: ='Scope Overview'!A4 -> Contractor Name: Terraphase Engineering, Inc.
A5: ='Scope Overview'!A5 -> Contractor Project Manager: Ryan Thompson
A6: ='Scope Overview'!A6 -> Purchase Requsition Number:
A7: ='Scope Overview'!A7 -> Release PO# [SAP]
A8: ='Scope Overview'!A8 -> Period of Performance: October-November 2026
A9: ='Scope Overview'!A9 -> SCE Environmental Section: Remediation
A10: ='Scope Overview'!A10 -> SCE Project Manager: [WCI PM]
A13: For Change Orders, Please enter previously authorized total in Cell F2 of this Workbook Page
C14: (Enter negotiated hourly rates in the Contractor Rates Tab Only)
B16: WORK BREAKDOWN STRUCTURE | C16: Technical Expert | D16: Officer | E16: Principal / Director | F16: Project Manager | G16: Senior Engineer | H16: Project Engineer | I16: Senior Staff Engineer | J16: Staff Engineer | K16: Junior Engineer | L16: CADD | M16: Document Editor | N16: Senior Technician | O16: Technician | P16: Admin | Q16: Lump Sum Costs | R16: Mileage | S16: Field Vehicle/Day | T16: Equipment | U16: Per Diem | V16: Vehicle Rental | W16: Lab / Contractor | X16: TOTAL
C17: ='Contractor Rates'!C4 -> 279 | D17: ='Contractor Rates'!C5 -> 272 | E17: ='Contractor Rates'!C6 -> 254 | F17: ='Contractor Rates'!C7 -> 237 | G17: ='Contractor Rates'!C8 -> 214 | H17: ='Contractor Rates'!C9 -> 198 | I17: ='Contractor Rates'!C10 -> 182 | J17: ='Contractor Rates'!C11 -> 165 | K17: ='Contractor Rates'!C12 -> 142 | L17: ='Contractor Rates'!C13 -> 132 | M17: ='Contractor Rates'!C14 -> 128 | N17: ='Contractor Rates'!C15 -> 138 | O17: ='Contractor Rates'!C16 -> 105 | P17: ='Contractor Rates'!C17 -> 85 | Q17: ='Contractor Rates'!D17 -> 0 | R17: 0 | S17: 138 | T17: [equip fee]
A18: A | B18: AGENCY/THIRD PARTY/PRP ISSUES
A19: A1 | B19: PRP / 3rd Party Costs | T19: 0 | U19: 0 | V19: 0 | W19: 0 | X19: =C19*C$17+D19*D$17+E19*E$17+F19*F$17+G19*G$17+H19*H$17+I19*I$17+J19*J$17+K19*K$17++L19*L$17++M19*M$17+N19*N$17+O19*O$17+P19*P$17+R19*R$17+S19*S$17+T19+U19+V19+W19 -> 0
A20: A2 | B20: Agency Oversight Costs | T20: 0 | U20: 0 | V20: 0 | W20: 0 | X20: =C20*C$17+D20*D$17+E20*E$17+F20*F$17+G20*G$17+H20*H$17+I20*I$17+J20*J$17+K20*K$17++L20*L$17++M20*M$17+N20*N$17+O20*O$17+P20*P$17+R20*R$17+S20*S$17+T20+U20+V20+W20 -> 0
A21: A3 | B21: Agency Negotiations / Meetings | T21: 0 | U21: 0 | V21: 0 | W21: 0 | X21: =C21*C$17+D21*D$17+E21*E$17+F21*F$17+G21*G$17+H21*H$17+I21*I$17+J21*J$17+K21*K$17++L21*L$17++M21*M$17+N21*N$17+O21*O$17+P21*P$17+R21*R$17+S21*S$17+T21+U21+V21+W21 -> 0
A22: A4 | B22: Travel / Other / Miscellaneous | T22: 0 | U22: 0 | V22: 0 | W22: 0 | X22: =C22*C$17+D22*D$17+E22*E$17+F22*F$17+G22*G$17+H22*H$17+I22*I$17+J22*J$17+K22*K$17++L22*L$17++M22*M$17+N22*N$17+O22*O$17+P22*P$17+R22*R$17+S22*S$17+T22+U22+V22+W22 -> 0
A23: AZ | B23: AGENCY/THIRD PARTY/PRP ISSUES | C23: =SUBTOTAL(9,C19:C22)*C17 -> 0 | D23: =SUBTOTAL(9,D19:D22)*D17 -> 0 | E23: =SUBTOTAL(9,E19:E22)*E17 -> 0 | F23: =SUBTOTAL(9,F19:F22)*F17 -> 0 | G23: =SUBTOTAL(9,G19:G22)*G17 -> 0 | H23: =SUBTOTAL(9,H19:H22)*H17 -> 0 | I23: =SUBTOTAL(9,I19:I22)*I17 -> 0 | J23: =SUBTOTAL(9,J19:J22)*J17 -> 0 | ... S23: =SUBTOTAL(9,S19:S22)*S17 -> 0 | T23: =SUBTOTAL(9,T19:T22) -> 0 | U23: =SUBTOTAL(9,U19:U22) -> 0 | V23: =SUBTOTAL(9,V19:V22) -> 0 | W23: =SUBTOTAL(9,W19:W22) -> 0 | X23: =SUM(C23:W23) -> 0
A24: B | B24: ENVIRONMENTAL SITE INVESTIGATION
A25: B1 | B25: Scope Development (Workplan H&S, O&M, etc.) | T25: 0 | U25: 0 | V25: 0 | W25: 0 | X25: =C25*C$17+D25*D$17+E25*E$17+F25*F$17+G25*G$17+H25*H$17+I25*I$17+J25*J$17+K25*K$17++L25*L$17++M25*M$17+N25*N$17+O25*O$17+P25*P$17+R25*R$17+S25*S$17+T25+U25+V25+W25 -> 0
A26: B2 | B26: Field Investigation | S26: 1 | T26: [equip fee] | U26: 0 | V26: 0 | W26: 0 | X26: =C26*C$17+D26*D$17+E26*E$17+F26*F$17+G26*G$17+H26*H$17+I26*I$17+J26*J$17+K26*K$17++L26*L$17++M26*M$17+N26*N$17+O26*O$17+P26*P$17+R26*R$17+S26*S$17+T26+U26+V26+W26 -> #VALUE!
A27: B3 | B27: Laboratory | T27: 0 | U27: 0 | V27: 0 | W27: 0 | X27: =C27*C$17+D27*D$17+E27*E$17+F27*F$17+G27*G$17+H27*H$17+I27*I$17+J27*J$17+K27*K$17++L27*L$17++M27*M$17+N27*N$17+O27*O$17+P27*P$17+R27*R$17+S27*S$17+T27+U27+V27+W27 -> 0
A28: B4 | B28: Drilling | T28: 0 | U28: 0 | V28: 0 | W28: 0 | X28: =C28*C$17+D28*D$17+E28*E$17+F28*F$17+G28*G$17+H28*H$17+I28*I$17+J28*J$17+K28*K$17++L28*L$17++M28*M$17+N28*N$17+O28*O$17+P28*P$17+R28*R$17+S28*S$17+T28+U28+V28+W28 -> 0
A29: B5 | B29: RI Report | T29: 0 | U29: 0 | V29: 0 | W29: 0 | X29: =C29*C$17+D29*D$17+E29*E$17+F29*F$17+G29*G$17+H29*H$17+I29*I$17+J29*J$17+K29*K$17++L29*L$17++M29*M$17+N29*N$17+O29*O$17+P29*P$17+R29*R$17+S29*S$17+T29+U29+V29+W29 -> 0
A30: B6 | B30: Computer Modeling / Analysis | T30: 0 | U30: 0 | V30: 0 | W30: 0 | X30: =C30*C$17+D30*D$17+E30*E$17+F32*F$17+G30*G$17+H30*H$17+I30*I$17+J32*J$17+K30*K$17++L30*L$17++M30*M$17+N30*N$17+O30*O$17+P30*P$17+R30*R$17+S30*S$17+T30+U30+V30+W30 -> 0
A31: B7 | B31: Disposal Costs | T31: 0 | U31: 0 | V31: 0 | W31: 0 | X31: =C31*C$17+D31*D$17+E31*E$17+F31*F$17+G31*G$17+H31*H$17+I31*I$17+J31*J$17+K31*K$17++L31*L$17++M31*M$17+N31*N$17+O31*O$17+P31*P$17+R31*R$17+S31*S$17+T31+U31+V31+W31 -> 0
A32: B8 | B32: Travel / Other / Miscellaneous | T32: 0 | U32: 0 | V32: 0 | W32: 0 | X32: =C32*C$17+D32*D$17+E32*E$17+F32*F$17+G32*G$17+H32*H$17+I32*I$17+J32*J$17+K32*K$17++L32*L$17++M32*M$17+N32*N$17+O32*O$17+P32*P$17+R32*R$17+S32*S$17+T32+U32+V32+W32 -> 0
A33: BZ | B33: ENVIRONMENTAL SITE INVESTIGATION | C33: =SUBTOTAL(9,C25:C32)*C17 -> 0 | D33: =SUBTOTAL(9,D25:D32)*D17 -> 0 | E33: =SUBTOTAL(9,E25:E32)*E17 -> 0 | F33: =SUBTOTAL(9,F25:F32)*F17 -> 0 | G33: =SUBTOTAL(9,G25:G32)*G17 -> 0 | H33: =SUBTOTAL(9,H25:H32)*H17 -> 0 | I33: =SUBTOTAL(9,I25:I32)*I17 -> 0 | J33: =SUBTOTAL(9,J25:J32)*J17 -> 0 | ... S33: =SUBTOTAL(9,S25:S32)*S17 -> 138 | T33: =SUBTOTAL(9,T25:T32) -> 0 | U33: =SUBTOTAL(9,U25:U32) -> 0 | V33: =SUBTOTAL(9,V25:V32) -> 0 | W33: =SUBTOTAL(9,W25:W32) -> 0 | X33: =SUM(C33:W33) -> 138
A34: C | B34: SITE MONITORING
A35: C1 | B35: Sampling Activities (all media) | T35: 0 | U35: 0 | V35: 0 | W35: 0 | X35: =C35*C$17+D35*D$17+E35*E$17+F35*F$17+G35*G$17+H35*H$17+I35*I$17+J35*J$17+K35*K$17++L35*L$17++M35*M$17+N35*N$17+O35*O$17+P35*P$17+R35*R$17+S35*S$17+T35+U35+V35+W35 -> 0
A36: C2 | B36: Laboratory | T36: 0 | U36: 0 | V36: 0 | W36: 0 | X36: =C36*C$17+D36*D$17+E36*E$17+F36*F$17+G36*G$17+H36*H$17+I36*I$17+J36*J$17+K36*K$17++L36*L$17++M36*M$17+N36*N$17+O36*O$17+P36*P$17+R36*R$17+S36*S$17+T36+U36+V36+W36 -> 0
A37: C3 | B37: Data Evaluation / Reporting | T37: 0 | U37: 0 | V37: 0 | W37: 0 | X37: =C37*C$17+D37*D$17+E37*E$17+F37*F$17+G37*G$17+H37*H$17+I37*I$17+J37*J$17+K37*K$17++L37*L$17++M37*M$17+N37*N$17+O37*O$17+P37*P$17+R37*R$17+S37*S$17+T37+U37+V37+W37 -> 0
A38: C4 | B38: Disposal Costs | T38: 0 | U38: 0 | V38: 0 | W38: 0 | X38: =C38*C$17+D38*D$17+E38*E$17+F38*F$17+G38*G$17+H38*H$17+I38*I$17+J38*J$17+K38*K$17++L38*L$17++M38*M$17+N38*N$17+O38*O$17+P38*P$17+R38*R$17+S38*S$17+T38+U38+V38+W38 -> 0
A39: C5 | B39: Travel / Other / Miscellaneous | T39: 0 | U39: 0 | V39: 0 | W39: 0 | X39: =C39*C$17+D39*D$17+E39*E$17+F39*F$17+G39*G$17+H39*H$17+I39*I$17+J39*J$17+K39*K$17++L39*L$17++M39*M$17+N39*N$17+O39*O$17+P39*P$17+R39*R$17+S39*S$17+T39+U39+V39+W39 -> 0
A40: CZ | B40: SITE MONITORING | C40: =SUBTOTAL(9,C35:C38)*C17 -> 0 | D40: =SUBTOTAL(9,D35:D38)*D17 -> 0 | E40: =SUBTOTAL(9,E35:E38)*E17 -> 0 | F40: =SUBTOTAL(9,F35:F39)*F17 -> 0 | G40: =SUBTOTAL(9,G35:G39)*G17 -> 0 | H40: =SUBTOTAL(9,H35:H39)*H17 -> 0 | I40: =SUBTOTAL(9,I35:I39)*I17 -> 0 | J40: =SUBTOTAL(9,J35:J39)*J17 -> 0 | K40: =SUBTOTAL(9,K35:K39)*K17 -> 0 | L40: =SUBTOTAL(9,L35:L39)*L17 -> 0 | M40: =SUBTOTAL(9,M35:M39)*M17 -> 0 | ... S40: =SUBTOTAL(9,S35:S39)*S17 -> 0 | T40: =SUBTOTAL(9,T35:T39) -> 0 | U40: =SUBTOTAL(9,U35:U39) -> 0 | V40: =SUBTOTAL(9,V35:V39) -> 0 | W40: =SUBTOTAL(9,W35:W39) -> 0 | X40: =SUM(C40:W40) -> 0
A41: D | B41: RISK ASSESSMENT
A42: D1 | B42: Risk Assessment Analysis / Report | T42: 0 | U42: 0 | V42: 0 | W42: 0 | X42: =C42*C$17+D42*D$17+E42*E$17+F42*F$17+G42*G$17+H42*H$17+I42*I$17+J42*J$17+K42*K$17++L42*L$17++M42*M$17+N42*N$17+O42*O$17+P42*P$17+R42*R$17+S42*S$17+T42+U42+V42+W42 -> 0
A43: DZ | B43: RISK ASSESSMENT | C43: =SUBTOTAL(9,C42:C42)*C17 -> 0 | D43: =SUBTOTAL(9,D42:D42)*D17 -> 0 | E43: =SUBTOTAL(9,E42:E42)*E17 -> 0 | F43: =SUBTOTAL(9,F42:F42)*F17 -> 0 | G43: =SUBTOTAL(9,G42:G42)*G17 -> 0 | H43: =SUBTOTAL(9,H42:H42)*H17 -> 0 | I43: =SUBTOTAL(9,I42:I42)*I17 -> 0 | J43: =SUBTOTAL(9,J42:J42)*J17 -> 0 | ... S43: =SUBTOTAL(9,S42:S42)*S17 -> 0 | T43: =SUBTOTAL(9,T42:T42) -> 0 | U43: =SUBTOTAL(9,U42:U42) -> 0 | V43: =SUBTOTAL(9,V42:V42) -> 0 | W43: =SUBTOTAL(9,W42:W42) -> 0 | X43: =SUM(C43:W43) -> 0
A44: E | B44: FEASIBILITY / CORRECTIVE MEASURES STUDIES
A45: E1 | B45: Scope Development / Workplan | T45: 0 | U45: 0 | V45: 0 | W45: 0 | X45: =C45*C$17+D45*D$17+E45*E$17+F45*F$17+G45*G$17+H45*H$17+I45*I$17+J45*J$17+K45*K$17++L45*L$17++M45*M$17+N45*N$17+O45*O$17+P45*P$17+R45*R$17+S45*S$17+T45+U45+V45+W45 -> 0
A46: E2 | B46: Bench Scale / Pilot Studies | T46: 0 | U46: 0 | V46: 0 | W46: 0 | X46: =C46*C$17+D46*D$17+E46*E$17+F46*F$17+G46*G$17+H46*H$17+I46*I$17+J46*J$17+K46*K$17++L46*L$17++M46*M$17+N46*N$17+O46*O$17+P46*P$17+R46*R$17+S46*S$17+T46+U46+V46+W46 -> 0
A47: E3 | B47: FS Analysis / Report | T47: 0 | U47: 0 | V47: 0 | W47: 0 | X47: =C47*C$17+D47*D$17+E47*E$17+F47*F$17+G47*G$17+H47*H$17+I47*I$17+J47*J$17+K47*K$17++L47*L$17++M47*M$17+N47*N$17+O47*O$17+P47*P$17+R47*R$17+S47*S$17+T47+U47+V47+W47 -> 0
A48: E4 | B48: Travel / Other / Miscellaneous | T48: 0 | U48: 0 | V48: 0 | W48: 0 | X48: =C48*C$17+D48*D$17+E48*E$17+F48*F$17+G48*G$17+H48*H$17+I48*I$17+J48*J$17+K48*K$17++L48*L$17++M48*M$17+N48*N$17+O48*O$17+P48*P$17+R48*R$17+S48*S$17+T48+U48+V48+W48 -> 0
A49: EZ | B49: FEASIBILITY / CORRECTIVE MEASURES STUDIES | C49: =SUBTOTAL(9,C45:C48)*C17 -> 0 | D49: =SUBTOTAL(9,D45:D48)*D17 -> 0 | E49: =SUBTOTAL(9,E45:E48)*E17 -> 0 | F49: =SUBTOTAL(9,F45:F48)*F17 -> 0 | G49: =SUBTOTAL(9,G45:G48)*G17 -> 0 | H49: =SUBTOTAL(9,H45:H48)*H17 -> 0 | I49: =SUBTOTAL(9,I45:I48)*I17 -> 0 | J49: =SUBTOTAL(9,J45:J48)*J17 -> 0 | ... S49: =SUBTOTAL(9,S45:S48)*S17 -> 0 | T49: =SUBTOTAL(9,T45:T48) -> 0 | U49: =SUBTOTAL(9,U45:U48) -> 0 | V49: =SUBTOTAL(9,V45:V48) -> 0 | W49: =SUBTOTAL(9,W45:W48) -> 0 | X49: =SUM(C49:W49) -> 0
A50: F | B50: REMEDIAL DESIGN
A51: F1 | B51: Scope Development / Workplan | T51: 0 | U51: 0 | V51: 0 | W51: 0 | X51: =C51*C$17+D51*D$17+E51*E$17+F51*F$17+G51*G$17+H51*H$17+I51*I$17+J51*J$17+K51*K$17++L51*L$17++M51*M$17+N51*N$17+O51*O$17+P51*P$17+R51*R$17+S51*S$17+T51+U51+V51+W51 -> 0
A52: F2 | B52: Engineering Estimate | T52: 0 | U52: 0 | V52: 0 | W52: 0 | X52: =C52*C$17+D52*D$17+E52*E$17+F52*F$17+G52*G$17+H52*H$17+I52*I$17+J52*J$17+K52*K$17++L52*L$17++M52*M$17+N52*N$17+O52*O$17+P52*P$17+R52*R$17+S52*S$17+T52+U52+V52+W52 -> 0
A53: F3 | B53: Design Package Preparation | T53: 0 | U53: 0 | V53: 0 | W53: 0 | X53: =C53*C$17+D53*D$17+E53*E$17+F53*F$17+G53*G$17+H53*H$17+I53*I$17+J53*J$17+K53*K$17++L53*L$17++M53*M$17+N53*N$17+O53*O$17+P53*P$17+R53*R$17+S53*S$17+T53+U53+V53+W53 -> 0
A54: F4 | B54: As-Built Drawings | T54: 0 | U54: 0 | V54: 0 | W54: 0 | X54: =C54*C$17+D54*D$17+E54*E$17+F54*F$17+G54*G$17+H54*H$17+I54*I$17+J54*J$17+K54*K$17++L54*L$17++M54*M$17+N54*N$17+O54*O$17+P54*P$17+R54*R$17+S54*S$17+T54+U54+V54+W54 -> 0
A55: F5 | B55: Travel / Other / Miscellaneous | T55: 0 | U55: 0 | V55: 0 | W55: 0 | X55: =C55*C$17+D55*D$17+E55*E$17+F55*F$17+G55*G$17+H55*H$17+I55*I$17+J55*J$17+K55*K$17++L55*L$17++M55*M$17+N55*N$17+O55*O$17+P55*P$17+R55*R$17+S55*S$17+T55+U55+V55+W55 -> 0
A56: FZ | B56: REMEDIAL DESIGN | C56: =SUBTOTAL(9,C51:C55)*C17 -> 0 | D56: =SUBTOTAL(9,D51:D55)*D17 -> 0 | E56: =SUBTOTAL(9,E51:E55)*E17 -> 0 | F56: =SUBTOTAL(9,F51:F55)*F17 -> 0 | G56: =SUBTOTAL(9,G51:G55)*G17 -> 0 | H56: =SUBTOTAL(9,H51:H55)*H17 -> 0 | I56: =SUBTOTAL(9,I51:I55)*I17 -> 0 | J56: =SUBTOTAL(9,J51:J55)*J17 -> 0 | ... S56: =SUBTOTAL(9,S51:S55)*S17 -> 0 | T56: =SUBTOTAL(9,T51:T55) -> 0 | U56: =SUBTOTAL(9,U51:U55) -> 0 | V56: =SUBTOTAL(9,V51:V55) -> 0 | W56: =SUBTOTAL(9,W51:W55) -> 0 | X56: =SUM(C56:W56) -> 0
A57: G | B57: CONSTRUCTION
A58: G1 | B58: Scope Development / Workplan | T58: 0 | U58: 0 | V58: 0 | W58: 0 | X58: =C58*C$17+D58*D$17+E58*E$17+F58*F$17+G58*G$17+H58*H$17+I58*I$17+J58*J$17+K58*K$17++L58*L$17++M58*M$17+N58*N$17+O58*O$17+P58*P$17+R58*R$17+S58*S$17+T58+U58+V58+W58 -> 0
A59: G2 | B59: Health and Safety | T59: 0 | U59: 0 | V59: 0 | W59: 0 | X59: =C59*C$17+D59*D$17+E59*E$17+F59*F$17+G59*G$17+H59*H$17+I59*I$17+J59*J$17+K59*K$17++L59*L$17++M59*M$17+N59*N$17+O59*O$17+P59*P$17+R59*R$17+S59*S$17+T59+U59+V59+W59 -> 0
A60: G3 | B60: Bid Package | T60: 0 | U60: 0 | V60: 0 | W60: 0 | X60: =C60*C$17+D60*D$17+E60*E$17+F60*F$17+G60*G$17+H60*H$17+I60*I$17+J60*J$17+K60*K$17++L60*L$17++M60*M$17+N60*N$17+O60*O$17+P60*P$17+R60*R$17+S60*S$17+T60+U60+V60+W60 -> 0
A61: G4 | B61: Permits | T61: 0 | U61: 0 | V61: 0 | W61: 0 | X61: =C61*C$17+D61*D$17+E61*E$17+F61*F$17+G61*G$17+H61*H$17+I61*I$17+J61*J$17+K61*K$17++L61*L$17++M61*M$17+N61*N$17+O61*O$17+P61*P$17+R61*R$17+S61*S$17+T61+U61+V61+W61 -> 0
A62: G5 | B62: Contractor Selection / Procurement | T62: 0 | U62: 0 | V62: 0 | W62: 0 | X62: =C62*C$17+D62*D$17+E62*E$17+F62*F$17+G62*G$17+H62*H$17+I62*I$17+J62*J$17+K62*K$17++L62*L$17++M62*M$17+N62*N$17+O62*O$17+P62*P$17+R62*R$17+S62*S$17+T62+U62+V62+W62 -> 0
A63: G6 | B63: Remediation Equipment | T63: 0 | U63: 0 | V63: 0 | W63: 0 | X63: =C63*C$17+D63*D$17+E63*E$17+F63*F$17+G63*G$17+H63*H$17+I63*I$17+J63*J$17+K63*K$17++L63*L$17++M63*M$17+N63*N$17+O63*O$17+P63*P$17+R63*R$17+S63*S$17+T63+U63+V63+W63 -> 0
A64: G7 | B64: Remedial Activities | T64: 0 | U64: 0 | V64: 0 | W64: 0 | X64: =C64*C$17+D64*D$17+E64*E$17+F64*F$17+G64*G$17+H64*H$17+I64*I$17+J64*J$17+K64*K$17++L64*L$17++M64*M$17+N64*N$17+O64*O$17+P64*P$17+R64*R$17+S64*S$17+T64+U64+V64+W64 -> 0
A65: G8 | B65: Construction Management | T65: 0 | U65: 0 | V65: 0 | W65: 0 | X65: =C65*C$17+D65*D$17+E65*E$17+F65*F$17+G65*G$17+H65*H$17+I65*I$17+J65*J$17+K65*K$17++L65*L$17++M65*M$17+N65*N$17+O65*O$17+P65*P$17+R65*R$17+S65*S$17+T65+U65+V65+W65 -> 0
A66: G9 | B66: Disposal Costs | T66: 0 | U66: 0 | V66: 0 | W66: 0 | X66: =C66*C$17+D66*D$17+E66*E$17+F66*F$17+G66*G$17+H66*H$17+I66*I$17+J66*J$17+K66*K$17++L66*L$17++M66*M$17+N66*N$17+O66*O$17+P66*P$17+R66*R$17+S66*S$17+T66+U66+V66+W66 -> 0
A67: G10 | B67: Travel / Other / Miscellaneous | T67: 0 | U67: 0 | V67: 0 | W67: 0 | X67: =C67*C$17+D67*D$17+E67*E$17+F67*F$17+G67*G$17+H67*H$17+I67*I$17+J67*J$17+K67*K$17++L67*L$17++M67*M$17+N67*N$17+O67*O$17+P67*P$17+R67*R$17+S67*S$17+T67+U67+V67+W67 -> 0
A68: GZ | B68: CONSTRUCTION | C68: =SUBTOTAL(9,C58:C66)*C17 -> 0 | D68: =SUBTOTAL(9,D58:D66)*D17 -> 0 | E68: =SUBTOTAL(9,E58:E66)*E17 -> 0 | F68: =SUBTOTAL(9,F58:F67)*F17 -> 0 | G68: =SUBTOTAL(9,G58:G67)*G17 -> 0 | H68: =SUBTOTAL(9,H58:H67)*H17 -> 0 | I68: =SUBTOTAL(9,I58:I67)*I17 -> 0 | J68: =SUBTOTAL(9,J58:J67)*J17 -> 0 | K68: =SUBTOTAL(9,K58:K67)*K17 -> 0 | L68: =SUBTOTAL(9,L58:L67)*L17 -> 0 | M68: =SUBTOTAL(9,M58:M67)*M17 -> 0 | ... W68: =SUBTOTAL(9,W58:W67)*W17 -> 0 | X68: =SUM(C68:W68) -> #VALUE!
A69: H | B69: OPERATIONS AND MAINTENANCE
A70: H1 | B70: Plan Preparation (H&S, O&M, etc.) | T70: 0 | U70: 0 | V70: 0 | W70: 0 | X70: =C70*C$17+D70*D$17+E70*E$17+F70*F$17+G70*G$17+H70*H$17+I70*I$17+J70*J$17+K70*K$17++L70*L$17++M70*M$17+N70*N$17+O70*O$17+P70*P$17+R70*R$17+S70*S$17+T70+U70+V70+W70 -> 0
A71: H2 | B71: Permits | T71: 0 | U71: 0 | V71: 0 | W71: 0 | X71: =C71*C$17+D71*D$17+E71*E$17+F71*F$17+G71*G$17+H71*H$17+I71*I$17+J71*J$17+K71*K$17++L71*L$17++M71*M$17+N71*N$17+O71*O$17+P71*P$17+R71*R$17+S71*S$17+T71+U71+V71+W71 -> 0
A72: H3 | B72: Utilities | T72: 0 | U72: 0 | V72: 0 | W72: 0 | X72: =C72*C$17+D72*D$17+E72*E$17+F72*F$17+G72*G$17+H72*H$17+I72*I$17+J72*J$17+K72*K$17++L72*L$17++M72*M$17+N72*N$17+O72*O$17+P72*P$17+R72*R$17+S72*S$17+T72+U72+V72+W72 -> 0
A73: H4 | B73: Equipment Maintenance / Repair | T73: 0 | U73: 0 | V73: 0 | W73: 0 | X73: =C73*C$17+D73*D$17+E73*E$17+F73*F$17+G73*G$17+H73*H$17+I73*I$17+J73*J$17+K73*K$17++L73*L$17++M73*M$17+N73*N$17+O73*O$17+P73*P$17+R73*R$17+S73*S$17+T73+U73+V73+W73 -> 0
A74: H5 | B74: Chemicals / Supplies | T74: 0 | U74: 0 | V74: 0 | W74: 0 | X74: =C74*C$17+D74*D$17+E74*E$17+F74*F$17+G74*G$17+H74*H$17+I74*I$17+J74*J$17+K74*K$17++L74*L$17++M74*M$17+N74*N$17+O74*O$17+P74*P$17+R74*R$17+S74*S$17+T74+U74+V74+W74 -> 0
A75: H6 | B75: Labor (Operator / Technician) | T75: 0 | U75: 0 | V75: 0 | W75: 0 | X75: =C75*C$17+D75*D$17+E75*E$17+F75*F$17+G75*G$17+H75*H$17+I75*I$17+J75*J$17+K75*K$17++L75*L$17++M75*M$17+N75*N$17+O75*O$17+P75*P$17+R75*R$17+S75*S$17+T75+U75+V75+W75 -> 0
A76: H7 | B76: Disposal Costs | T76: 0 | U76: 0 | V76: 0 | W76: 0 | X76: =C76*C$17+D76*D$17+E76*E$17+F76*F$17+G76*G$17+H76*H$17+I76*I$17+J76*J$17+K76*K$17++L76*L$17++M76*M$17+N76*N$17+O76*O$17+P76*P$17+R76*R$17+S76*S$17+T76+U76+V76+W76 -> 0
A77: H8 | B77: Travel / Other / Miscellaneous | T77: 0 | U77: 0 | V77: 0 | W77: 0 | X77: =C77*C$17+D77*D$17+E77*E$17+F77*F$17+G77*G$17+H77*H$17+I77*I$17+J77*J$17+K77*K$17++L77*L$17++M77*M$17+N77*N$17+O77*O$17+P77*P$17+R77*R$17+S77*S$17+T77+U77+V77+W77 -> 0
A78: <HZ | B78: OPERATIONS AND MAINTENANCE | C78: =SUBTOTAL(9,C70:C77)*C17 -> 0 | D78: =SUBTOTAL(9,D70:D77)*D17 -> 0 | E78: =SUBTOTAL(9,E70:E77)*E17 -> 0 | F78: =SUBTOTAL(9,F70:F77)*F17 -> 0 | G78: =SUBTOTAL(9,G70:G77)*G17 -> 0 | H78: =SUBTOTAL(9,H70:H77)*H17 -> 0 | I78: =SUBTOTAL(9,I70:I77)*I17 -> 0 | J78: =SUBTOTAL(9,J70:J77)*J17 -> 0 | ... P78: =SUBTOTAL(9,P70:P77)*P17 -> 0 | R78: =SUBTOTAL(9,R70:R77)*R17 -> 0 | S78: =SUBTOTAL(9,S70:S77)*S17 -> 0 | T78: =SUBTOTAL(9,T70:T77) -> 0 | U78: =SUBTOTAL(9,U70:U77) -> 0 | V78: =SUBTOTAL(9,V70:V77) -> 0 | W78: =SUBTOTAL(9,W70:W77) -> 0 | X78: =SUM(C78:W78) -> 0
A79: I | B79: CLOSURE
A80: I1 | B80: System Shutdown / Removal | T80: 0 | U80: 0 | V80: 0 | W80: 0 | X80: =C80*C$17+D80*D$17+E80*E$17+F80*F$17+G80*G$17+H80*H$17+I80*I$17+J80*J$17+K80*K$17++L80*L$17++M80*M$17+N80*N$17+O80*O$17+P80*P$17+R80*R$17+S80*S$17+T80+U80+V80+W80 -> 0
A81: I2 | B81: Long-term Maintenance | T81: 0 | U81: 0 | V81: 0 | W81: 0 | X81: =C81*C$17+D81*D$17+E81*E$17+F81*F$17+G81*G$17+H81*H$17+I81*I$17+J81*J$17+K81*K$17++L81*L$17++M81*M$17+N81*N$17+O81*O$17+P81*P$17+R81*R$17+S81*S$17+T81+U81+V81+W81 -> 0
A82: I3 | B82: Labor (Operator / Technician) | T82: 0 | U82: 0 | V82: 0 | W82: 0 | X82: =C82*C$17+D82*D$17+E82*E$17+F82*F$17+G82*G$17+H82*H$17+I82*I$17+J82*J$17+K82*K$17++L82*L$17++M82*M$17+N82*N$17+O82*O$17+P82*P$17+R82*R$17+S82*S$17+T82+U82+V82+W82 -> 0
A83: I4 | B83: Disposal Costs | T83: 0 | U83: 0 | V83: 0 | W83: 0 | X83: =C83*C$17+D83*D$17+E83*E$17+F83*F$17+G83*G$17+H83*H$17+I83*I$17+J83*J$17+K83*K$17++L83*L$17++M83*M$17+N83*N$17+O83*O$17+P83*P$17+R83*R$17+S83*S$17+T83+U83+V83+W83 -> 0
A84: I5 | B84: Travel / Other / Miscellaneous | T84: 0 | U84: 0 | V84: 0 | W84: 0 | X84: =C84*C$17+D84*D$17+E84*E$17+F84*F$17+G84*G$17+H84*H$17+I84*I$17+J84*J$17+K84*K$17++L84*L$17++M84*M$17+N84*N$17+O84*O$17+P84*P$17+R84*R$17+S84*S$17+T84+U84+V84+W84 -> 0
A85: IZ | B85: CLOSURE | C85: =SUBTOTAL(9,C80:C84)*C17 -> 0 | D85: =SUBTOTAL(9,D80:D84)*D17 -> 0 | E85: =SUBTOTAL(9,E80:E84)*E17 -> 0 | F85: =SUBTOTAL(9,F80:F84)*F17 -> 0 | G85: =SUBTOTAL(9,G80:G84)*G17 -> 0 | H85: =SUBTOTAL(9,H80:H84)*H17 -> 0 | I85: =SUBTOTAL(9,I80:I84)*I17 -> 0 | J85: =SUBTOTAL(9,J80:J84)*J17 -> 0 | ... P85: =SUBTOTAL(9,P80:P84)*P17 -> 0 | R85: =SUBTOTAL(9,R80:R84)*R17 -> 0 | S85: =SUBTOTAL(9,S80:S84)*S17 -> 0 | T85: =SUBTOTAL(9,T80:T84) -> 0 | U85: =SUBTOTAL(9,U80:U84) -> 0 | V85: =SUBTOTAL(9,V80:V84) -> 0 | W85: =SUBTOTAL(9,W80:W84) -> 0 | X85: =SUM(C85:W85) -> 0
A86: J | B86: EXTERNAL PROJECT MANAGEMENT
A87: J1 | B87: Consultant Project Management | T87: 0 | U87: 0 | V87: 0 | W87: 0 | X87: =C87*C$17+D87*D$17+E87*E$17+F87*F$17+G87*G$17+H87*H$17+I87*I$17+J87*J$17+K87*K$17++L87*L$17++M87*M$17+N87*N$17+O87*O$17+P87*P$17+R87*R$17+S87*S$17+T87+U87+V87+W87 -> 0
A88: J2 | B88: External Legal - Preventive/Advice | T88: 0 | U88: 0 | V88: 0 | W88: 0 | X88: =C88*C$17+D88*D$17+E88*E$17+F88*F$17+G88*G$17+H88*H$17+I88*I$17+J88*J$17+K88*K$17++L88*L$17++M88*M$17+N88*N$17+O88*O$17+P88*P$17+R88*R$17+S88*S$17+T88+U88+V88+W88 -> 0
A89: J3 | B89: Program Compliance | T89: 0 | U89: 0 | V89: 0 | W89: 0 | X89: =C89*C$17+D89*D$17+E89*E$17+F89*F$17+G89*G$17+H89*H$17+I89*I$17+J89*J$17+K89*K$17++L89*L$17++M89*M$17+N89*N$17+O89*O$17+P89*P$17+R89*R$17+S89*S$17+T89+U89+V89+W89 -> 0
A90: J4 | B90: Travel / Other / Miscellaneous | T90: 0 | U90: 0 | V90: 0 | W90: 0 | X90: =C90*C$17+D90*D$17+E90*E$17+F90*F$17+G90*G$17+H90*H$17+I90*I$17+J90*J$17+K90*K$17++L90*L$17++M90*M$17+N90*N$17+O90*O$17+P90*P$17+R90*R$17+S90*S$17+T90+U90+V90+W90 -> 0
A91: JZ | B91: EXTERNAL PROJECT MANAGEMENT | C91: =SUBTOTAL(9,C87:C90)*C17 -> 0 | D91: =SUBTOTAL(9,D87:D90)*D17 -> 0 | E91: =SUBTOTAL(9,E87:E90)*E17 -> 0 | F91: =SUBTOTAL(9,F87:F90)*F17 -> 0 | G91: =SUBTOTAL(9,G87:G90)*G17 -> 0 | H91: =SUBTOTAL(9,H87:H90)*H17 -> 0 | I91: =SUBTOTAL(9,I87:I90)*I17 -> 0 | J91: =SUBTOTAL(9,J87:J90)*J17 -> 0 | ... P91: =SUBTOTAL(9,P87:P90)*P17 -> 0 | R91: =SUBTOTAL(9,R87:R90)*R17 -> 0 | S91: =SUBTOTAL(9,S87:S90)*S17 -> 0 | T91: =SUBTOTAL(9,T87:T90) -> 0 | U91: =SUBTOTAL(9,U87:U90) -> 0 | V91: =SUBTOTAL(9,V87:V90) -> 0 | W91: =SUBTOTAL(9,W87:W90) -> 0 | X91: =SUM(C91:W91) -> 0
B93: TOTAL | C93: =SUM(C23+C33+C40+C43+C49+C56+C68+C78+C85+C91) -> 0 | D93: =SUM(D23+D33+D40+D43+D49+D56+D68+D78+D85+D91) -> 0 | E93: =SUM(E23+E33+E40+E43+E49+E56+E68+E78+E85+E91) -> 0 | F93: =SUM(F23+F33+F40+F43+F49+F56+F68+F78+F85+F91) -> 0 | G93: =SUM(G23+G33+G40+G43+G49+G56+G68+G78+G85+G91) -> 0 | H93: =SUM(H23+H33+H40+H43+H49+H56+H68+H78+H85+H91) -> 0 | I93: =SUM(I23+I33+I40+I43+I49+I56+I68+I78+I85+I91) -> 0 | J93: =SUM(J23+J33+J40+J43+J49+J56+J68+J78+J85+J91) -> 0 | ... P93: =SUM(P23+P33+P40+P43+P49+P56+P68+P78+P85+P91) -> 0 | R93: =SUM(R23+R33+R40+R43+R49+R56+R68+R78+R85+R91) -> 0 | S93: =SUM(S23+S33+S40+S43+S49+S56+S68+S78+S85+S91) -> 138 | T93: =SUM(T23+T33+T40+T43+T49+T56+T68+T78+T85+T91) -> #VALUE! | U93: =SUM(U23+U33+U40+U43+U49+U56+U68+U78+U85+U91) -> 0 | V93: =SUM(V23+V33+V40+V43+V49+V56+V68+V78+V85+V91) -> 0 | W93: =SUM(W23+W33+W40+W43+W49+W56+W68+W78+W85+W91) -> 0 | X93: =SUM(X23+X33+X40+X43+X49+X56+X68+X78+X85+X91) -> #VALUE!
B95: CHECK | X95: =F20=SUM(C93:W93) -> #VALUE!

Sheet Contractor Rates
B1: Contractors to enter rates on this tab. Rates will autopopulate onto the Budget detail and Monthy Forecast Tab.
B3: Job Category | C3: Rate/hr
B4: Technical Expert | C4: 279
B5: Officer | C5: 272
B6: Principal/Director | C6: 254
B7: Project Manager | C7: 237
B8: Senior Engineer | C8: 214
B9: Project Engineer | C9: 198
B10: Senior Staff Engineer | C10: 182
B11: Staff Engineer | C11: 165
B12: Junior Engineer | C12: 142
B13: CADD Specialist | C13: 132
B14: Document Editor | C14: 128
B15: Senior Field Technician | C15: 138
... B17: Admin II | C17: 85
B19: EQUIPMENT | C19: RATE
C20: DAY | D20: WEEK | E20: MONTH
B21: Company Truck | C21: 138 | D21: 414 | E21: 1242 | G21: 138
B22: Company Truck 4x4 | C22: 157 | D22: 471 | E22: 1413
B23: Rental Car | C23: Actual Rental Cost
B24: Rental Truck | C24: Actual Rental Cost
B25: Trimble GPS | C25: Actual Rental Cost
B26: Trimble Antennae | C26: Actual Rental Cost
B27: RKI Methane Gas Meter (or similar) | C27: Actual Rental Cost
B28: 4-gas meter | C28: Actual Rental Cost
B29: Helium Shroud | C29: 57 | D29: 228 | E29: 912
B30: Mobile Laboratory (8260) | C30: Actual Subcontractor Cost
B31: Mobile Laboratory (TO-15) | C31: Actual Subcontractor Cost
B32: PID (ppm level) | C32: Actual Rental Cost
B33: PID (ppb level) | C33: Actual Rental Cost
B34: XRF | C34: Actual Rental Cost
B35: Grundfos or other down well pump | C35: Actual Rental Cost
B36: Low Flow Bladder Pump | C36: Actual Rental Cost
B37: Low Flow Pump Controller | C37: Actual Rental Cost
B38: Water Level Indicator (Solinst or similar) | C38: Actual Rental Cost
B39: Water/Interface Indicator (Solinst of similar) | C39: Actual Rental Cost
B40: Horiba U-42 or Similar | C40: Actual Rental Cost
B41: Peristaltic Pump | C41: Actual Rental Cost
B42: Soil Vapor Sampling Pump | C42: 70 | D42: 210 | E42: 630
B43: PM10 Dust Monitor | C43: Actual Rental Cost
B44: Temp Weather Station | C44: Actual Rental Cost
B45: Anemometer | C45: Actual Rental Cost
B46: Generator | C46: Actual Rental Cost
B47: Field Kit* | C47: 45 | D47: 135 | E47: 405
B48: Hand Auger - Kit Complete | C48: 90 | D48: 270 | E48: 810 | G48: 90 | H48: HA
B49: Rotary Hammer Drill | C49: 52 | D49: 156 | E49: 468 | G49: 52 | H49: RH
B50: Concrete Coring Equipment | C50: 84 | D50: 336 | E50: 1344 | G50: 45 | H50: FK
G51: =G50+G49+G48 -> 187 | H51: WCI standard HA plus field kit
B52: CONSUMABLES | C52: RATE
C53: DAY | D53: WEEK | E53: MONTH
B54: Low Flow Bonded Tubing (per foot) | C54: Actual Cost
B55: Low Flow Disposable Bladder | C55: 6 | D55: each
B56: Nylaflow Tubing | C56: 0.6 | D56: foot
B57: Air Supply for Low Flow Sampling | C57: Actual Cost
B58: Nitrile Gloves | C58: 16 | D58: large box
B59: Tedlar Bags | C59: 18 | D59: 1 liter
B60: Decon Kit (non-phosphate detergent) | C60: 20 | D60: day
B61: Sampling Kit** | C61: 45 | D61: day
B62: Tyvek Suits | C62: Actual Cost
B63: Respirator Cartridge | C63: Actual Cost
B64: *Field kit includes non disposable items such as field computer or tablet, hand tools (socket set, hammer), etc.
B65: **Sampling kit includes disposable items such as gloves (nitrile or others), ice, resealable storage bag
B66: Note: Non disposable field PPE should be included in the fully burdened labor rate (FR clothing, hart hat, safety glasses, leather gloves, steel toed boots, etc)
A69: PROJECT ROLE | B69: WORK DESCRIPTION / LICENSES | C69: Minimum Years Experience
A70: Technical Expert | B70: Subject matter expert in a particular environmental field. PE or PG or equivalent. Other relevant experience that make them an expert in their field. | C70: 20
A71: Officer | B71: Contract Program Manager – Provides oversight of the contract including all ESA, WCI, and REM projects. | C71: 20
A72: Principal/ Director | B72: Provides program project oversight, is responsible for auditing QA/QC, is the person responsible for resolving problems the project team cannot resolve. May also provide a high level of expertise where needed. PE or PG or equivalent. | C72: 15
A73: Project Program Manager/ Sr. Consultant | B73: Manages projects programs that have a high cost, may extend over several years and may include several projects or provides a recognized high level of expertise in a science or engineering discipline relevant to the program. | C73: 12
A74: Sr. Eng/ Scientist; Consultant | B74: Manages projects that have a moderately high to high cost, may be complex and may extend over several years or provides a high level of expertise in a science or engineering discipline relevant to the program. | C74: 8
A75: Project Eng/ Scientist | B75: Manages projects of low to moderately high costs that are at most moderately complex and typically with a duration of less than one year or is the task manager on more costly and longer duration projects. | C75: 6
A76: Sr. Staff Eng/ Scientist | B76: Provides technical support that may include performing engineering or scientific calculations and preparing complete reports for some relatively simple projects and report sections including tables and figures for more complex projects. | C76: 5
A77: Staff Eng/ Scientist | B77: Provides technical support typically in a single discipline that may include performing engineering or scientific calculations and preparing report sections including tables and figures. | C77: 4
A78: Junior Engineer | B78: Provides technical support typically in a single discipline that may include performing engineering or scientific calculations and preparing report sections including tables and figures. | C78: 2
A79: CADD | B79: Provides support in creation of required figures and management of databases | C79: 3
A80: Sr. Technician | B80: Performs field investigation with guidance from an engineer, scientist or the Remediation Manager. | C80: 5
A81: Technician | B81: Performs field investigation under the oversight of a Sr. field tech, remediation manager, engineer or scientist. | C81: 1
A82: Document Editor | B82: Reviews documents for obvious technical errors, consistency, grammar and spelling. Improves document readability. Checks to ensure that the content of the document including all figures, tables and appendices are included in the reports. | C82: 0-2
A83: Admin/ Contract Admin | B83: Provides support to project management and staff in preparation of documents and presentations and the distribution of information. | C83: 0-2

Sheet ESA Rates
A3: Type of Work | B3: Proposed Pricing | C3: Description
A4: Typical Phase I ESA (lump sum) | B4: 0 | C4: 1. Scope follows AAI & latest ASTM E 1527 2. Schedule: Draft report provided within 4 weeks. 3. Location: baseline assumption is < 50 mile radius of Rosemead, CA 4. Includes: record search package (database, aerials, topos, lien and title search).
A5: Additional parcel – title and lien search | B5: 0 | C5: Per parcel title/lien search, when more than one APN
A6: Phase I Quick turnaround | B6: 0 | C6: <12 Days* to draft
A8: High-Level Screen ESA (lump sum) | B8: 0 | C8: 1. Scope generally follows AAI & latest ASTM E 1527. Exceptions: no owner/tenant interviews if unavailable, site visit may be limited to public access areas, no title/lien report for SCE owned properties. 2. Schedule: Draft report provided within 4 weeks. 3. Location: baseline assumption is < 50 mile radius of Rosemead, CA 4. Includes record search package. Assumes that the property is SCE owned and does not include a lien/title report.
A9: Title and lien search | B9: 0 | C9: Title and lien search not required for SCE owned properties. Fee to be added when title/lien search specifically requested. Per APN fee.
A10: HLS Quick turnaround | B10: 0 | C10: <12 Days* to draft
A12: Typical Low Level Screen ESA (lump sum) | B12: 0 | C12: 1. Site visit from publically accessible location or with an SCE representative, when appropriate. 2. Field visit/reconnaissance 3. Review free and readily available public records with regards to the site and adjoining properties. Obtain and review aerial photos and include as attachment to the LLS report. 4. Schedule: Draft report provided within 2 weeks. 5. Final letter report (include figures and photos). SCE PM to be notified when REC(s) identified so that sampling can be evaluated as soon as possible. 6. Location: baseline assumption < 50 mile radius of Rosemead, CA
A13: Quick turnaround | B13: 0 | C13: <5 Days* to draft
A15: >50 and ≤150 miles from Rosemead1 | B15: 0 | C15: From 2244 Walnut Grove, Rosemead. Includes mileage, fuel, meals and other incidentals.
A16: >150 and ≤250 miles from Rosemead | B16: 0 | C16: From 2244 Walnut Grove, Rosemead. Mileage included. When hotel is needed due to overnight stay, use per diem rate.
A18: Desktop Review | B18: 0 | C18: 1. Review of Geotracker, Envirostor, and Wellfinder for releases at the site address or on the adjoining properties. 2. Excel summary table of findings. 3. Schedule: 1 to 2 weeks.
A19: 10 site baseline | B19: 0 | C19: Assumes group of 10 sites will be requested together and that each site review will take an average of 15 to 20 minutes to complete
A20: Each additional site | B20: 0
